"Id";"Designator";"Package";"Quantity";"Designation";"Supplier and ref";
1;"R42,R45,R39,R40,R34,R37,R31,R2,R33,R36,R17,R14,R9,R13,R15,R12,R16,R11,R3,R10";"R_0805_2012Metric_Pad1.20x1.40mm_HandSolder";20;"10k";;;
2;"R19,R18";"R_2512_6332Metric_Pad1.40x3.35mm_HandSolder";2;"0R01";;;
3;"C30";"C_0805_2012Metric_Pad1.18x1.45mm_HandSolder";1;"4.7u";;;
4;"Q10,Q7,Q4,Q11,Q8,Q5,Q9,Q6";"SOT-23";8;"T2N7002";;;
5;"J13,J15,J12,J14";"PinHeader_1x03_P2.54mm_Vertical";4;"Conn_01x03_Male";;;
6;"S2";"EC11E";1;"EC11";;;
7;"J9,J8,J5,J16,J22,J29,J10,J23,J17,J4,J19,J20,J18,J21,J24,J28";"ScrewTerminal_1x01_5x7mm";16;"Screw_Terminal_01x01";;;
8;"C21,C12,C1,C37,C40,C48,C45,C15,C25,C7,C23,C5,C4,C10,C6";"C_0805_2012Metric_Pad1.18x1.45mm_HandSolder";15;"10u";;;
9;"R43,R44,R50,R53,R52,R51";"R_0805_2012Metric_Pad1.20x1.40mm_HandSolder";6;"R";;;
10;"Q2";"SOT-363_SC-70-6";1;"BC847BS";;;
11;"C28,C22,C46,C39,C47,C2,C38,C27,C35,C44,C36,C43,C19,C18,C13,C14,C26,C9,C20,C3,C8,C24,C17";"C_0805_2012Metric_Pad1.18x1.45mm_HandSolder";23;"100n";;;
12;"R30";"R_0805_2012Metric_Pad1.20x1.40mm_HandSolder";1;"1M";;;
13;"U13,U10,U12,U11";"HTSSOP-16-1EP_4.4x5mm_P0.65mm_EP3.4x5mm";4;"DRV8876,16-HTSSOP";;;
14;"D4,D5,D2";"D_0805_2012Metric_Pad1.15x1.40mm_HandSolder";3;"Green";;;
15;"C41,C49,C42,C50";"C_0805_2012Metric_Pad1.18x1.45mm_HandSolder";4;"22n";;;
16;"U1";"SOT-363_SC-70-6_Handsoldering";1;"BCM857BS";;;
17;"C16,C11";"C_Elec_6.3x5.8";2;"47u";;;
18;"C31,C76,C33,C29,C32,C34";"C_0805_2012Metric_Pad1.18x1.45mm_HandSolder";6;"1u";;;
19;"R38,R41,R35,R32,R47,R46,R49,R48";"R_0805_2012Metric_Pad1.20x1.40mm_HandSolder";8;"100k";;;
20;"R27,R26";"R_0805_2012Metric_Pad1.20x1.40mm_HandSolder";2;"200";;;
21;"J1";"PinHeader_1x04_P2.54mm_Vertical";1;"Conn_01x04_Female";;;
22;"J3";"RJ45_Amphenol_54602-x08_Horizontal";1;"RJ45";;;
23;"L1";"L_10.7x10.0mm_H4mm";1;"10u";;;
24;"Q3";"SOT-23";1;"IRLML0060TRPBF";;;
25;"U5";"SOIC-24W_7.5x15.4mm_P1.27mm";1;"PCA9535D";;;
26;"U4";"SSOP-16_3.9x4.9mm_P0.635mm";1;"MAX11603EEE+";;;
27;"R21,R29,R5,R28,R7,R8,R22,R6,R1";"R_0805_2012Metric_Pad1.20x1.40mm_HandSolder";9;"1k";;;
28;"U9";"TSSOP-8_3x3mm_P0.65mm";1;"LTC6247,8-TSSOP";;;
29;"J26,J27";"PinHeader_1x04_P2.54mm_Vertical";2;"Conn_01x04_Male";;;
30;"L2";"L_1210_3225Metric_Pad1.42x2.65mm_HandSolder";1;"10u";;;
31;"D3";"D_0805_2012Metric_Pad1.15x1.40mm_HandSolder";1;"Red";;;
32;"RV1";"Potentiometer_Bourns_3296X_Horizontal";1;"10k";;;
33;"U3";"WC1602A";1;"LCD-16X2";;;
34;"J7";"PinHeader_2x10_P2.54mm_Vertical";1;"Conn_02x10_Top_Bottom";;;
35;"U8,U7";"MSOP-8_3x3mm_P0.65mm";2;"LTC6102HVxMS8";;;
36;"U6";"TSSOP-28_4.4x9.7mm_P0.65mm";1;"PCA9685PW_112";;;
37;"S1";"SW_GF-123-0054";1;"GF-123-0054";;;
38;"R24,R25";"R_0805_2012Metric_Pad1.20x1.40mm_HandSolder";2;"33k";;;
39;"J6";"PinHeader_1x04_P2.54mm_Vertical";1;"Conn_01x04";;;
40;"S3";"SW_Push_1P1T_NO_6x6mm_H9.5mm";1;"FSM4JSMATR";;;
41;"TP7,TP8,TP5,TP4,TP2,TP9,TP1,TP3,TP6";"TestPoint_Pad_D2.0mm";9;"TestPoint";;;
42;"R4";"R_0805_2012Metric_Pad1.20x1.40mm_HandSolder";1;"10K";;;
43;"R23";"R_0805_2012Metric_Pad1.20x1.40mm_HandSolder";1;"30k";;;
44;"JP6,JP2,JP4,JP10,JP5,JP1,JP9,JP3";"SolderJumper-3_P1.3mm_Bridged12_Pad1.0x1.5mm";8;"Jumper_3_Bridged12";;;
45;"J2";"PinHeader_2x20_P2.54mm_Vertical";1;"Conn_02x20_Odd_Even";;;
46;"U2";"TQFN-28-1EP_5x5mm_P0.5mm_EP2.7x2.7mm";1;"MAX20457,28-TQFN";;;
47;"JP7,JP11,JP8,JP12";"SolderJumper-3_P1.3mm_Open_Pad1.0x1.5mm";4;"Jumper_3_Open";;;
48;"R20";"R_0805_2012Metric_Pad1.20x1.40mm_HandSolder";1;"270k";;;
49;"A1,A2";"Pololu_Breakout-16_15.2x20.3mm";2;"Pololu_Breakout_DRV8825";;;
50;"D1";"C_0805_2012Metric_Pad1.18x1.45mm_HandSolder";1;"32V";;;
51;"C75";"C_0805_2012Metric_Pad1.18x1.45mm_HandSolder";1;"4u7";;;
52;"Q1";"TO-252-2";1;"FQD8P10TM";;;
